{"cameraMode":{"drawMode":0,"name":"Shaded","section":"Shading Mode"},"sceneLighting":true,"audioPlay":false,"sceneViewState":{"m_AlwaysRefresh":false,"showFog":true,"showSkybox":true,"showFlares":true,"showImageEffects":true,"showParticleSystems":true,"showVisualEffectGraphs":true,"m_FxEnabled":true},"in2DMode":false,"pivot":{"x":-10.953240394592286,"y":3.525412082672119,"z":15.392621994018555},"rotation":{"x":0.004320721607655287,"y":0.9166892170906067,"z":-0.3995111882686615,"w":0.0098941745236516},"size":5.510636806488037,"orthographic":false}